X,Y,Z
71.98,-179.58,799.22
81.74,-178.00,881.82
100.89,-174.46,892.31
92.84,-168.60,894.87
88.82,-147.86,921.59
95.65,-159.70,939.64
83.20,-148.11,940.38
98.70,-140.79,955.87
91.99,-138.96,951.84
89.30,-121.76,961.85
97.11,-126.15,971.61
78.57,-111.39,962.34
89.79,-111.51,978.20
83.20,-123.46,991.62
62.83,-148.11,995.89
73.44,-164.70,1022.60
80.03,-185.93,997.23
91.74,-184.95,994.30
86.25,-185.56,976.24
99.80,-190.20,995.76
87.60,-181.41,997.23
91.26,-174.95,1015.28
77.59,-163.85,1009.43
83.69,-153.60,1018.09
72.22,-143.47,1003.57
62.46,-119.56,1004.30
71.98,-123.71,1023.09
59.66,-118.10,1016.99
67.83,-124.20,1017.72
59.29,-121.39,1009.92
65.39,-132.37,1008.33
69.30,-128.71,1010.89
72.59,-141.28,1005.65
72.96,-133.71,1008.09
82.72,-147.13,1015.65
75.40,-140.79,1014.55
85.16,-154.45,1017.97
78.32,-154.33,1007.35
86.38,-151.52,1006.38
78.45,-155.06,997.59
87.84,-162.87,1007.96
77.84,-156.40,1007.96
85.52,-164.33,1010.77
78.08,-156.40,1010.89
84.91,-167.14,1012.60
81.98,-158.97,1007.96
85.16,-168.36,1001.62
81.25,-157.26,1007.48
89.55,-165.68,1016.75
79.79,-166.29,1001.86
87.11,-160.67,1010.28
80.76,-166.90,1002.84
90.65,-173.48,1011.99
77.10,-168.12,1004.79
83.57,-176.17,1007.48
71.25,-168.24,1006.74
76.86,-177.14,1009.67
69.91,-167.75,1009.67
79.54,-171.78,1018.21
68.81,-166.65,1012.11
75.76,-173.48,1016.75
59.90,-171.41,1008.45
59.05,-162.14,1018.46
54.29,-168.48,1009.43
64.90,-170.80,1017.48
52.46,-165.07,1009.92
62.22,-178.24,1026.39
44.16,-180.32,1052.62
45.38,-187.03,1067.74
39.28,-159.82,1062.99
75.52,-153.60,1013.21
84.18,-117.36,936.96
103.70,-104.92,925.74
96.26,-113.34,951.97
101.50,-138.59,1024.56
83.57,-142.74,1041.64
80.76,-156.40,1056.15
76.49,-143.72,1040.90
82.96,-136.52,991.25
95.40,-119.80,984.30
115.17,-139.08,1020.41
110.78,-136.76,1004.18
121.39,-159.45,1004.18
116.27,-168.48,1000.16
128.71,-173.00,999.42
120.78,-180.80,996.86
127.61,-185.32,1007.60
117.12,-192.27,995.15
125.42,-203.98,1000.40
117.12,-202.52,993.81
122.73,-211.79,998.69
118.58,-208.50,998.81
126.15,-222.28,994.79
122.98,-217.77,997.35
129.08,-225.21,1008.45
115.29,-216.92,995.76
127.00,-211.55,1008.70
128.47,-224.36,1002.23
131.64,-218.87,1007.60
121.27,-216.79,994.67
126.88,-224.24,995.28
124.20,-207.64,1000.28
124.20,-211.79,994.18
131.15,-200.93,1002.84
137.37,-210.33,999.91
139.81,-201.79,1005.52
135.66,-205.94,995.89
136.27,-193.98,999.18
147.13,-202.76,1003.94
146.64,-192.03,1006.38
145.91,-195.20,996.25
154.09,-189.22,1007.11
143.47,-181.54,999.18
153.72,-191.30,1002.84
150.55,-181.90,1002.60
149.69,-190.20,996.01
146.52,-176.41,998.69
157.26,-183.61,1004.43
154.82,-173.48,1005.28
152.74,-180.32,996.13
150.30,-168.12,999.42
146.89,-174.70,991.98
159.33,-171.53,1006.99
147.62,-169.95,994.54
153.60,-178.85,995.28
154.09,-167.38,1000.64
160.55,-177.63,1001.86
161.89,-168.97,1007.96
155.31,-177.63,996.01
165.19,-177.63,1009.18
148.35,-173.85,994.54
161.04,-171.17,1008.45
152.13,-176.66,996.25
162.26,-175.92,1008.70
146.64,-172.26,993.81
158.36,-178.73,1003.33
159.70,-170.68,1009.18
151.28,-176.53,996.01
161.77,-175.80,1009.06
146.40,-173.73,994.79
158.72,-172.87,1010.77
150.30,-177.88,996.98
160.80,-175.80,1009.18
145.18,-171.29,993.69
158.36,-170.92,1011.14
145.67,-167.87,999.18
159.82,-174.70,1010.16
150.79,-165.19,1004.67
144.94,-169.95,993.45
157.26,-168.73,1008.21
149.69,-176.53,998.45
157.50,-173.36,1012.36
142.86,-171.53,996.98
153.23,-165.92,1008.21
143.35,-167.14,996.13
156.65,-173.12,1013.09
145.91,-180.93,997.47
156.40,-182.15,1009.79
140.54,-175.80,995.76
151.65,-180.32,1004.30
152.62,-170.07,1009.92
147.99,-176.41,997.11
149.69,-167.38,1004.30
145.30,-173.97,996.62
154.82,-169.34,1011.01
150.30,-178.73,1001.13
144.20,-171.17,1001.13
152.99,-181.78,1008.82
145.42,-173.85,1005.52
137.62,-179.58,994.54
149.08,-181.41,1008.33
137.49,-180.80,996.86
143.47,-190.44,998.57
141.28,-180.68,1001.50
152.01,-191.05,1007.60
145.91,-182.27,1005.77
148.60,-191.30,1002.84
138.96,-179.58,995.15
144.94,-187.39,995.89
143.35,-174.22,999.06
154.45,-183.12,1004.67
150.06,-172.75,1005.16
140.79,-173.24,994.67
150.06,-167.63,1006.99
138.23,-166.41,996.37
155.43,-178.85,1009.43
144.33,-181.05,990.15
157.26,-184.46,1005.04
142.98,-181.54,994.91
147.62,-183.73,1007.96
134.57,-185.32,995.28
149.08,-202.52,1009.06
137.37,-199.84,998.45
140.54,-207.16,1007.48
130.05,-196.91,1005.89
120.90,-203.13,991.86
132.49,-213.62,1011.38
128.10,-230.82,997.11
132.37,-225.94,1008.70
120.17,-229.85,998.20
121.63,-225.21,1001.86
118.58,-235.34,993.69
121.63,-232.04,1004.06
118.71,-241.32,999.18
122.85,-233.51,999.42
115.78,-231.92,986.25
128.34,-226.07,1010.04
118.34,-220.82,997.23
133.47,-225.09,1000.89
122.73,-220.70,993.93
132.37,-220.82,1008.57
121.27,-219.72,992.10
127.00,-206.91,1005.16
120.29,-207.77,995.40
133.83,-198.62,1002.96
135.66,-203.86,999.67
137.62,-193.25,1006.50
124.56,-187.39,998.69
136.03,-189.10,1007.48
127.37,-180.56,989.66
143.23,-196.66,992.84
134.57,-195.69,992.35
138.59,-209.23,1007.11
125.42,-210.57,989.91
132.49,-207.40,999.91
113.34,-199.96,998.57
110.41,-190.08,1009.55
116.02,-203.50,1010.53
109.92,-196.54,1011.99
98.94,-201.42,1006.13
103.70,-204.47,1018.46
88.57,-201.18,1016.02
91.01,-194.47,1027.00
81.37,-194.35,1015.77
96.26,-193.25,1014.31
89.06,-193.37,999.79
103.82,-195.32,1012.11
100.53,-201.67,1001.50
99.67,-193.98,1000.52
103.94,-205.69,998.45
107.12,-199.23,1000.03
106.02,-207.64,994.54
114.92,-207.28,1007.48
101.75,-205.33,997.47
113.83,-211.91,1005.04
104.43,-209.35,995.52
115.05,-219.60,1000.40
108.34,-213.01,996.13
119.32,-218.14,1007.35
108.82,-224.85,993.69
113.09,-219.60,1000.28
107.24,-227.16,991.98
118.46,-233.51,1002.47
107.60,-228.87,993.81
116.75,-238.88,997.84
107.36,-228.87,997.96
108.34,-239.73,996.25
105.90,-231.19,998.69
116.14,-248.39,1000.40
112.73,-240.10,1002.11
114.19,-255.22,994.30
106.38,-243.51,994.54
120.05,-252.91,998.69
110.65,-244.85,992.84
106.75,-253.03,986.00
115.29,-248.51,1001.13
106.02,-252.54,989.91
117.85,-253.27,1000.89
106.26,-249.86,990.88
119.56,-260.10,1001.25
109.31,-253.88,994.06
119.44,-265.72,996.86
107.24,-261.69,986.74
118.10,-263.03,997.11
114.44,-275.72,990.76
120.17,-271.21,999.55
108.58,-269.38,987.96
120.78,-285.24,991.86
112.00,-275.96,987.10
116.51,-270.60,989.79
112.24,-253.27,988.08
120.05,-267.30,988.81
109.56,-268.89,986.25
113.46,-279.14,990.27
100.28,-269.86,989.18
109.07,-275.23,997.72
96.87,-269.62,990.76
104.55,-274.99,997.72
95.16,-268.03,990.88
94.79,-277.79,986.00
95.16,-269.38,996.98
89.55,-275.96,988.44
93.21,-268.40,998.69
92.96,-277.43,998.69
90.52,-267.30,1003.57
88.33,-274.74,996.50
80.40,-263.89,991.49
92.48,-267.42,1003.69
81.74,-262.54,996.37
84.18,-271.33,993.81
83.94,-259.74,996.13
83.57,-267.79,989.05
88.45,-259.01,995.40
95.53,-270.35,996.98
92.35,-260.96,998.45
93.21,-268.64,996.13
82.23,-258.15,993.20
89.91,-266.81,996.86
83.81,-255.47,994.91
97.23,-260.84,1002.84
87.96,-253.39,995.28
88.94,-262.79,989.18
94.55,-253.88,995.52
91.26,-261.08,986.74
100.04,-254.49,996.74
93.21,-258.40,987.10
104.80,-255.47,999.06
103.70,-265.72,989.66
107.97,-258.64,997.72
101.02,-265.96,988.69
96.26,-255.47,992.35
105.65,-264.25,1000.89
96.26,-256.44,996.50
92.72,-264.50,989.66
95.53,-254.98,999.06
89.06,-260.59,989.18
96.87,-255.47,998.33
96.01,-266.69,993.81
97.11,-258.40,1000.77
91.50,-267.06,993.20
84.30,-256.69,992.84
87.23,-266.94,991.13
83.45,-264.62,990.76
91.87,-263.40,1001.13
82.96,-254.25,997.96
78.32,-261.93,1000.03
83.45,-255.10,999.91
76.13,-259.98,990.40
85.16,-256.57,1003.08
83.45,-267.06,996.50
85.16,-258.88,1003.45
79.42,-268.03,995.52
73.20,-257.54,998.33
75.88,-267.67,996.98
73.93,-257.18,1001.01
83.57,-266.20,1006.13
76.37,-257.54,1004.06
72.71,-265.84,996.50
80.15,-260.10,1003.45
88.33,-271.69,998.69
90.04,-263.52,1002.60
94.18,-276.94,996.50
85.77,-267.91,995.15
93.09,-276.57,995.76
93.33,-269.99,988.69
112.36,-281.70,996.13
100.89,-278.89,984.42
113.58,-278.65,994.42
108.82,-266.94,992.35
102.85,-270.11,984.78
116.88,-265.35,1000.89
108.58,-266.33,988.69
129.20,-274.50,994.79
119.80,-276.70,979.29
132.25,-278.04,990.76
119.44,-272.79,982.34
135.42,-277.43,995.03
127.12,-285.11,980.03
140.54,-284.26,990.88
128.95,-275.35,977.95
143.72,-284.02,984.42
148.72,-275.23,990.88
140.30,-277.18,975.39
150.43,-267.91,985.88
141.28,-272.43,974.05
160.31,-280.11,988.32
147.99,-271.45,980.51
161.65,-287.80,983.20
148.84,-275.35,974.54
166.90,-286.21,987.22
157.38,-276.33,982.59
163.24,-291.58,980.76
166.53,-282.80,987.83
153.84,-277.92,976.61
170.07,-292.31,984.66
162.99,-281.58,983.32
164.70,-298.29,976.98
157.62,-285.60,979.29
156.28,-295.73,975.76
165.43,-289.26,989.54
161.77,-301.34,978.20
162.99,-285.85,984.91
158.84,-292.31,978.07
173.12,-300.12,989.18
161.28,-283.41,991.74
165.80,-296.09,989.66
183.24,-289.63,1006.26
182.76,-298.78,999.18
195.81,-295.12,1010.40
188.61,-291.21,991.62
215.94,-287.31,1000.16
207.77,-276.45,986.13
234.61,-283.53,979.78
225.21,-261.69,955.50
241.68,-271.33,951.36
266.81,-268.64,957.09
268.16,-258.27,935.37
288.41,-259.25,941.11
288.41,-232.65,931.35
300.36,-239.85,928.30
316.10,-220.21,937.20
329.03,-231.31,929.15
339.65,-222.41,936.35
333.30,-219.84,918.17
352.58,-212.28,927.08
351.73,-224.24,913.54
365.63,-222.41,924.03
357.22,-209.11,921.83
366.00,-224.24,921.59
371.61,-214.96,930.74
359.41,-218.14,920.12
370.88,-210.82,933.42
358.56,-210.21,923.78
378.44,-220.94,936.47
361.00,-216.31,924.64
377.83,-215.57,938.79
366.98,-220.70,926.83
380.88,-223.02,937.08
374.05,-209.47,936.96
374.30,-223.63,930.13
382.35,-217.28,938.91
369.42,-206.06,932.45
381.01,-222.16,934.28
366.37,-206.30,928.18
372.95,-219.48,927.93
373.32,-204.72,934.64
378.20,-221.55,933.06
381.13,-211.79,940.38
380.64,-218.62,939.52
375.27,-205.45,940.38
366.00,-206.91,931.23
385.76,-210.94,942.45
373.20,-201.18,934.03
386.62,-217.53,934.52
383.20,-204.23,935.98
379.30,-215.70,927.20
389.42,-211.91,937.45
371.73,-207.28,926.22
386.74,-206.42,939.64
375.64,-212.77,927.93
389.06,-214.84,937.94
370.88,-202.64,927.32
381.62,-214.84,930.74
388.69,-208.13,938.91
370.39,-207.03,925.25
383.69,-214.23,934.03
363.93,-195.81,929.64
366.98,-208.50,931.35
381.13,-203.50,938.42
387.59,-215.94,938.42
374.54,-197.64,931.47
377.35,-209.96,926.22
387.47,-197.27,936.59
382.35,-209.11,927.08
394.06,-208.50,937.45
383.57,-195.20,935.74
385.15,-213.99,935.86
379.79,-195.81,945.87
374.17,-203.37,940.62
394.06,-202.52,954.89
380.88,-191.05,945.50
397.96,-208.86,940.38
386.13,-189.83,929.15
407.60,-208.13,935.62
403.58,-193.37,938.91
403.09,-202.64,935.25
417.97,-199.59,946.23
410.77,-184.10,944.04
418.70,-198.13,934.15
430.90,-189.83,939.40
421.02,-182.02,919.15
446.52,-175.19,924.15
436.39,-166.65,912.44
463.48,-176.66,912.93
456.77,-150.55,894.26
488.73,-152.38,893.04
478.73,-141.52,880.35
483.85,-152.01,872.42
504.23,-138.35,882.30
496.42,-132.74,873.64
527.53,-132.25,877.42
518.38,-115.41,865.10
538.75,-122.24,847.90
527.77,-97.23,828.38
539.24,-106.99,824.35
554.25,-91.50,828.38
570.84,-103.70,828.87
559.86,-82.84,822.52
567.91,-91.26,822.04
583.16,-85.89,830.94
572.55,-80.03,815.33
589.14,-88.82,818.38
580.23,-77.10,808.98
590.36,-90.77,807.76
598.17,-76.74,817.16
591.21,-80.64,809.10
607.80,-75.64,819.60
603.29,-81.50,803.00
612.56,-68.32,808.37
602.19,-68.69,797.88
622.44,-63.56,808.86
611.59,-55.39,799.34
631.23,-71.00,798.25
623.66,-58.44,796.54
628.06,-68.20,792.15
635.38,-58.80,798.98
620.61,-57.34,776.77
634.64,-54.66,781.17
623.05,-57.10,771.04
642.94,-67.95,787.27
627.81,-71.25,786.17
643.92,-75.88,800.08
620.86,-60.51,791.78
630.74,-71.86,792.02
639.65,-68.56,796.78
628.79,-76.25,783.48
634.03,-68.32,792.76
620.61,-69.54,783.73
644.65,-81.13,799.10
630.74,-73.08,794.46
643.67,-89.55,798.37
624.76,-75.64,788.97
643.92,-80.64,800.93
630.01,-67.95,798.98
640.99,-79.18,803.61
638.06,-66.25,804.47
632.69,-74.66,791.17
646.48,-71.98,800.44
633.42,-68.32,788.61
648.06,-74.30,798.12
634.03,-58.19,792.76
651.24,-64.66,795.56
642.57,-54.90,785.68
655.87,-74.54,776.77
647.33,-64.17,764.33
657.09,-78.45,760.18
670.15,-78.32,765.92
654.29,-77.96,744.69
669.78,-86.86,749.81
659.90,-71.49,745.05
667.46,-82.47,749.32
666.00,-69.30,763.23
659.29,-77.71,756.03
676.61,-77.71,760.79
665.88,-82.35,740.17
672.59,-71.61,742.98
661.73,-75.40,733.71
678.20,-82.72,748.35
660.51,-74.54,747.62
657.21,-85.40,751.89
661.36,-77.10,782.14
654.77,-88.82,786.90
662.83,-84.18,797.39
643.06,-80.40,783.73
657.82,-76.13,784.58
643.18,-71.74,770.55
662.70,-83.33,772.26
642.94,-75.52,760.55
656.85,-85.89,768.84
641.84,-69.42,773.24
644.28,-82.23,774.21
657.82,-85.16,785.07
636.11,-74.42,778.48
648.92,-86.86,781.65
638.55,-69.91,779.95
652.46,-86.86,784.34
646.48,-73.20,786.66
642.45,-85.64,782.87
637.82,-70.76,787.27
646.23,-91.13,788.61
644.40,-79.30,793.49
630.13,-42.82,786.29
646.11,-35.99,787.14
637.94,-28.30,773.97
638.30,-52.58,752.62
627.81,-45.63,739.44
630.25,-55.39,737.00
622.57,-45.26,747.74
610.49,-76.98,756.40
607.56,-74.79,771.77
574.38,-72.96,773.85
562.42,-66.00,799.47
537.41,-74.66,793.49
523.99,-103.82,816.79
498.25,-100.04,821.79
473.24,-109.19,821.55
462.14,-119.93,862.05
409.43,-133.96,875.72
405.28,-152.50,905.97
367.71,-153.23,987.96
355.26,-172.02,982.83
347.33,-165.07,968.07
315.00,-179.34,950.26
295.97,-168.60,990.64
277.06,-170.19,982.95
280.97,-178.36,988.44
264.50,-173.73,980.88
255.96,-184.71,977.59
260.35,-183.49,993.57
243.39,-195.93,981.73
237.41,-182.15,991.37
224.11,-184.95,980.64
236.44,-181.66,995.89
214.11,-171.29,984.54
229.12,-165.19,1000.77
215.94,-157.99,991.62
211.79,-166.53,985.76
224.72,-160.67,999.79
210.21,-155.92,988.32
220.09,-164.70,996.98
220.82,-150.06,1002.47
203.25,-149.94,984.78
219.84,-144.69,1001.86
205.69,-137.74,992.10
210.69,-153.23,992.35
211.30,-131.76,996.25
204.23,-141.15,987.59
218.75,-140.06,1001.38
217.77,-128.83,1004.43
198.13,-137.86,986.00
211.18,-146.77,996.86
210.57,-130.05,1001.50
200.69,-141.03,988.69
216.06,-141.64,1001.25
203.25,-124.68,993.20
208.86,-137.37,995.28
217.65,-130.66,1005.04
194.96,-125.17,988.57
214.72,-131.27,1006.50
208.50,-121.15,1004.43
197.88,-135.91,993.45
212.40,-138.35,1005.65
212.65,-127.12,1008.21
193.86,-131.64,989.66
214.35,-131.15,1008.57
203.50,-121.02,1001.62
199.10,-135.66,993.32
209.96,-125.90,1005.16
195.44,-123.71,994.30
207.40,-134.57,1001.86
198.13,-119.19,997.23
191.05,-128.47,991.01
202.76,-137.62,999.18
203.25,-124.07,1001.38
198.74,-137.98,995.15
211.06,-134.81,1006.38
192.39,-124.32,994.54
195.20,-134.81,994.06
207.89,-126.51,1004.43
194.47,-137.37,993.08
208.62,-129.56,1005.28
194.22,-135.91,990.40
208.13,-140.06,1001.01
209.47,-131.03,1005.04
193.25,-137.86,989.91
206.91,-144.20,999.18
208.99,-135.91,1004.06
192.27,-140.79,992.10
207.03,-134.44,1004.30
193.74,-130.05,994.18
207.16,-144.33,1001.62
192.27,-135.30,992.84
205.45,-149.82,998.69
187.88,-137.37,991.98
193.74,-145.42,993.93
206.30,-142.62,1004.30
188.37,-139.20,992.23
196.91,-150.43,997.35
190.69,-141.28,998.69
186.17,-150.30,990.64
199.23,-147.38,1005.16
188.61,-152.87,992.59
201.91,-150.91,1002.72
185.93,-143.47,991.98
201.06,-157.38,1004.55
181.41,-165.43,992.47
193.49,-174.22,999.91
195.69,-164.70,1003.94
183.85,-170.56,991.49
196.91,-171.65,1002.60
180.32,-163.36,994.30
185.44,-176.78,993.93
188.98,-166.77,1001.86
186.90,-179.10,995.28
197.88,-173.48,1004.79
180.07,-167.14,989.42
199.10,-170.19,999.30
180.44,-168.48,986.74
192.03,-178.73,995.76
196.42,-173.24,1006.74
183.49,-166.16,997.59
199.35,-181.05,996.86
196.05,-172.02,995.89
189.10,-188.49,987.10
201.30,-188.61,1000.64
183.49,-179.71,995.28
203.62,-186.66,1010.89
186.66,-180.32,996.74
207.89,-181.05,1008.21
196.66,-174.22,998.33
193.98,-186.42,988.44
212.40,-186.66,999.18
201.06,-178.85,989.18
203.25,-187.15,983.44
220.82,-173.00,994.18
213.87,-178.24,976.00
228.87,-181.54,983.56
214.23,-170.68,972.10
233.51,-183.37,983.20
229.36,-170.80,985.52
223.87,-180.56,978.44
230.58,-170.43,988.81
218.38,-175.31,977.22
236.68,-184.10,988.32
229.36,-170.19,987.96
227.65,-178.61,981.73
238.14,-174.09,990.76
218.38,-172.63,972.34
227.16,-184.34,973.56
225.21,-171.53,977.46
225.21,-184.95,978.07
218.87,-172.02,985.15
209.35,-179.10,979.05
224.85,-181.05,996.62
210.33,-174.70,990.15
203.25,-183.00,983.69
217.40,-181.78,998.45
202.76,-177.02,990.03
210.57,-194.47,991.01
210.82,-186.17,996.25
193.49,-193.74,989.79
201.79,-186.66,1002.60
186.90,-184.95,991.13
200.69,-194.96,1001.50
181.78,-186.17,990.88
187.39,-197.27,991.13
189.47,-187.51,997.23
177.14,-192.64,988.44
191.91,-196.42,1004.79
180.68,-186.66,999.42
185.32,-198.86,996.01
191.30,-190.69,1003.33
172.75,-193.61,989.18
186.66,-191.42,1003.45
171.29,-197.27,990.52
182.76,-189.47,1003.33
169.09,-187.03,993.45
172.14,-197.40,992.10
185.32,-197.88,1001.86
167.14,-188.61,991.01
173.00,-199.23,992.84
176.90,-187.39,999.42
165.80,-191.30,989.18
183.49,-193.98,1004.79
165.55,-190.56,990.27
176.66,-198.13,996.01
171.17,-184.71,997.23
178.12,-201.18,996.74
167.87,-186.17,994.18
166.53,-194.96,990.52
180.44,-197.88,999.91
166.65,-186.42,991.98
168.36,-198.01,990.64
176.66,-191.17,1001.01
163.48,-191.91,990.03
181.29,-198.86,1002.47
163.24,-188.98,991.25
182.15,-193.25,1004.43
172.02,-184.59,999.42
173.97,-201.06,995.28
181.54,-194.47,1002.72
163.60,-193.13,988.20
175.92,-199.71,996.74
167.51,-184.71,996.37
164.21,-194.47,990.64
178.97,-192.15,1003.21
165.07,-188.73,993.20
178.85,-200.57,999.42
164.33,-187.15,991.62
167.38,-197.52,990.88
174.70,-188.12,1001.62
168.60,-202.40,992.84
179.71,-199.84,1002.35
160.92,-192.64,990.15
171.65,-201.42,995.15
168.85,-186.78,996.62
161.89,-194.35,988.93
178.85,-194.47,1003.33
165.43,-188.86,995.03
175.92,-202.76,999.18
163.24,-189.34,993.20
177.88,-200.57,1000.64
162.26,-189.34,991.86
166.77,-201.06,991.37
179.34,-201.06,1001.13
161.04,-194.10,989.30
168.85,-204.23,992.35
179.46,-199.84,1002.35
160.80,-193.49,989.66
179.58,-195.69,1003.21
167.63,-188.12,996.62
173.73,-204.59,997.35
164.46,-191.30,994.79
161.77,-199.96,989.42
177.39,-192.52,1002.60
164.46,-198.37,989.91
178.24,-201.06,1000.16
175.68,-191.66,1001.86
165.68,-203.62,990.64
178.49,-203.25,1001.25
161.16,-192.64,990.88
168.60,-202.03,993.08
171.41,-188.37,999.79
171.04,-202.52,994.54
180.19,-197.40,1003.08
161.28,-194.10,989.30
180.32,-193.25,1003.69
162.87,-194.22,988.93
175.68,-201.30,997.11
179.34,-193.86,1003.45
165.68,-189.59,994.79
176.17,-203.50,999.55
163.48,-189.95,993.81
165.19,-199.10,990.27
177.27,-189.59,1000.64
168.12,-200.93,989.91
180.19,-200.81,1000.52
161.53,-193.49,990.64
179.83,-197.88,1004.55
162.26,-192.27,990.27
173.61,-200.57,995.03
181.54,-194.22,1002.60
163.60,-195.08,988.69
175.80,-201.54,997.47
166.65,-187.15,995.03
164.94,-196.30,989.30
179.34,-190.56,1001.74
166.41,-199.59,989.91
175.92,-192.27,1001.74
162.87,-191.54,991.62
181.17,-200.69,1000.89
163.11,-192.27,988.69
171.17,-201.67,991.62
181.29,-196.54,1001.62
163.24,-193.25,989.66
173.73,-201.91,994.54
168.60,-187.39,997.23
163.72,-195.20,989.42
179.95,-192.52,1002.11
164.82,-199.35,989.91
176.78,-193.37,1001.99
166.16,-201.06,991.01
179.46,-201.30,1000.89
162.26,-192.03,989.42
168.97,-202.89,990.15
180.07,-201.42,1000.40
160.43,-196.18,989.54
178.61,-199.84,1003.69
167.26,-191.78,998.20
172.14,-207.16,995.52
164.21,-193.86,994.42
160.43,-203.01,987.22
175.19,-199.47,1000.28
160.55,-203.25,986.00
173.73,-206.18,996.13
157.50,-196.54,989.91
160.67,-209.11,988.20
171.17,-209.60,997.72
151.40,-203.01,986.49
161.53,-205.08,1002.72
149.21,-197.88,999.55
155.92,-213.01,1001.86
140.18,-201.67,991.74
143.35,-212.16,992.59
145.91,-202.15,999.42
156.28,-216.92,997.96
143.35,-208.38,990.88
146.89,-217.89,994.06
150.79,-212.28,1004.43
132.86,-215.21,996.50
142.98,-215.21,1009.79
133.96,-211.79,994.30
145.91,-216.79,1001.74
137.62,-207.28,995.15
151.04,-209.35,1006.74
138.84,-211.79,995.15
149.45,-211.06,1006.01
136.40,-206.55,995.52
148.35,-201.30,1009.18
137.25,-200.69,997.59
142.37,-209.11,998.45
139.20,-199.35,1000.16
137.13,-208.50,994.54
142.25,-201.54,1002.96
133.71,-206.18,993.32
144.81,-201.30,1007.11
137.74,-206.18,996.50
139.81,-197.52,999.67
144.57,-209.23,1000.89
142.01,-200.32,1003.08
136.88,-207.89,997.72
144.69,-201.18,1007.23
135.42,-196.66,998.94
144.69,-204.84,1004.91
140.79,-196.54,1004.55
138.96,-206.67,1000.03
133.47,-195.69,998.57
134.32,-204.47,995.76
137.98,-195.57,1003.94
139.57,-206.30,1001.62
131.27,-196.42,997.11
135.18,-203.98,997.59
144.45,-200.08,1007.23
131.52,-201.06,994.42
142.74,-203.01,1004.30
130.30,-198.13,993.57
138.47,-204.72,999.55
132.74,-194.47,997.84
134.69,-202.52,996.25
136.88,-191.66,1002.72
141.52,-200.32,1003.69
131.27,-192.27,996.74
145.06,-193.37,1009.18
134.44,-190.32,1000.89
132.61,-198.86,997.23
138.10,-190.44,1006.50
130.42,-195.20,996.50
144.20,-191.78,1008.21
133.47,-190.32,998.57
145.55,-196.05,1007.60
132.00,-195.93,994.67
142.74,-199.84,1002.96
133.47,-191.30,997.59
147.13,-195.81,1007.60
132.98,-196.91,994.54
143.72,-199.96,1003.45
143.59,-191.30,1006.26
138.59,-200.32,997.72
147.13,-195.08,1007.35
133.96,-196.05,994.54
145.42,-198.13,1004.06
133.47,-191.30,995.03
139.69,-199.59,997.59
134.57,-195.69,995.03
146.52,-196.79,1005.04
135.18,-189.10,995.64
149.21,-191.17,1007.23
138.84,-186.66,999.55
136.40,-194.47,994.54
145.06,-187.64,1005.52
135.42,-191.05,995.40
149.08,-191.42,1008.09
138.23,-186.42,1000.03
148.35,-192.88,1006.13
135.30,-188.73,995.40
144.20,-195.57,1000.89
137.13,-187.03,999.18
146.64,-194.71,1007.48
129.08,-190.81,996.37
135.42,-193.86,1003.69
134.44,-184.95,1008.09
126.27,-186.05,998.94
149.45,-190.44,1006.62
144.45,-184.46,1000.89
151.65,-194.59,1002.47
143.23,-198.86,996.25
151.04,-194.47,1005.89
141.76,-188.25,1000.40
149.08,-195.93,1004.43
147.62,-187.03,1005.77
143.84,-196.18,998.57
151.04,-191.54,1007.23
137.13,-196.18,994.54
147.38,-197.52,1005.16
134.44,-188.86,996.01
151.04,-191.78,1009.18
137.37,-192.64,995.89
149.08,-193.74,1006.13
137.13,-190.56,996.37
143.96,-198.98,999.79
149.08,-192.76,1007.48
136.52,-195.08,995.40
148.60,-195.81,1005.77
135.91,-194.47,996.86
142.98,-203.01,1002.11
137.49,-191.30,1003.45
148.72,-200.45,1007.23
135.42,-191.78,996.01
151.52,-191.66,1007.23
141.15,-182.02,1001.13
146.64,-186.29,1004.55
146.52,-176.66,1008.33
136.27,-176.53,997.35
152.87,-180.56,1005.65
144.45,-173.24,1002.11
152.38,-185.44,1002.35
155.18,-178.24,1005.52
152.74,-186.90,994.67
156.40,-176.90,999.42
150.06,-183.49,992.35
149.57,-180.07,995.76
153.23,-187.88,996.50
162.50,-184.10,1006.38
154.45,-178.00,1001.13
159.70,-188.49,1003.08
159.58,-180.80,1006.50
152.87,-189.59,998.20
161.16,-185.32,1007.48
147.13,-185.44,994.06
158.23,-179.22,1005.77
147.50,-180.93,995.89
160.92,-184.46,1008.21
145.55,-186.05,996.50
151.77,-177.51,1007.48
139.45,-179.46,997.35
145.67,-187.51,1000.52
154.57,-183.12,1007.72
146.89,-186.17,993.93
158.84,-178.85,1004.79
149.57,-181.05,994.30
163.85,-181.17,1006.99
151.52,-183.73,994.79
162.99,-183.73,1004.30
149.33,-179.10,993.20
162.75,-179.83,1006.01
151.52,-176.78,997.96
151.16,-185.20,994.79
156.77,-177.14,1003.94
147.99,-181.17,994.54
161.16,-178.36,1007.11
150.06,-175.68,998.08
161.28,-181.54,1006.38
154.70,-174.58,1003.08
158.48,-177.14,1007.35
147.38,-175.68,997.72
159.82,-182.02,1006.74
145.67,-181.29,994.42
155.43,-186.42,1001.86
157.38,-179.22,1007.11
145.67,-178.85,997.23
157.75,-184.34,1006.87
150.91,-176.90,1003.33
153.48,-187.51,1001.86
145.06,-179.34,997.96
146.40,-188.73,996.50
149.33,-179.10,1004.30
150.55,-188.73,1001.62
142.74,-178.00,998.33
144.08,-185.93,996.01
154.57,-183.61,1005.77
140.79,-182.51,991.74
149.69,-187.88,999.55
152.50,-180.32,1007.60
140.30,-188.00,997.59
142.98,-178.00,1006.74
134.57,-184.22,996.25
146.40,-179.34,1005.77
138.35,-184.46,993.08
142.74,-174.95,1003.33
139.32,-187.27,1001.86
140.91,-180.56,1009.92
127.86,-180.93,1001.86
126.39,-191.05,1000.89
126.03,-180.32,1011.14
118.22,-185.68,1001.74
130.91,-179.22,1012.23
120.05,-177.88,1000.89
131.27,-183.37,1007.72
115.53,-183.00,996.74
124.93,-177.75,1011.62
112.97,-177.14,1002.11
125.29,-179.34,1012.11
117.85,-171.90,1006.99
120.78,-183.00,1005.89
121.27,-174.22,1010.65
108.58,-175.07,1000.40
115.41,-177.02,1012.11
106.63,-165.55,1010.40
107.85,-172.39,1007.11
100.89,-169.34,1003.21
100.28,-181.54,1001.13
94.43,-173.12,1016.02
84.91,-184.71,1018.70
85.89,-175.19,1025.04
73.20,-177.75,1010.16
84.55,-173.73,1019.19
81.50,-162.75,1017.48
81.74,-171.53,1012.72
88.21,-163.24,1021.63
74.66,-167.75,1005.52
84.91,-168.36,1014.67
71.74,-161.28,1008.21
83.94,-163.48,1020.90
70.15,-162.50,1009.18
80.89,-164.94,1017.11
73.69,-153.23,1010.40
76.49,-161.28,1007.96
83.57,-148.72,1016.38
75.03,-152.74,1006.01
83.94,-159.33,1011.01
81.98,-146.40,1012.84
77.84,-154.70,1005.77
91.99,-148.23,1021.26
81.74,-154.45,1008.21
92.48,-142.50,1018.58
82.35,-144.45,1006.26
99.43,-147.86,1017.60
83.69,-146.64,1004.55
93.21,-152.74,1011.50
99.92,-145.18,1019.80
85.89,-147.38,1004.91
98.33,-149.69,1014.55
89.06,-138.35,1007.72
89.43,-147.38,1004.06
98.94,-137.86,1016.63
90.77,-148.60,1007.35
101.26,-145.42,1018.94
84.42,-140.91,1007.60
100.28,-141.15,1021.38
90.77,-134.93,1013.94
95.40,-147.25,1014.80
98.21,-138.35,1021.38
86.13,-135.18,1012.60
97.36,-143.84,1019.68
95.65,-134.20,1020.04
89.06,-144.33,1008.45
92.11,-132.74,1015.53
90.77,-145.30,1012.23
97.36,-138.71,1021.38
81.37,-141.28,1007.96
94.43,-135.42,1021.14
82.72,-134.08,1011.14
94.18,-142.50,1019.92
90.04,-133.35,1019.43
79.18,-136.52,1008.45
94.18,-139.32,1020.65
78.32,-139.32,1007.72
88.57,-144.20,1016.63
80.03,-133.59,1014.43
79.54,-142.50,1011.50
88.57,-133.22,1021.26
84.18,-143.59,1011.62
85.16,-131.15,1014.55
78.32,-137.98,1005.52
88.57,-143.35,1013.33
81.01,-132.74,1011.99
79.42,-142.13,1009.06
88.33,-133.83,1021.26
82.47,-144.20,1011.87
92.23,-139.20,1021.38
77.10,-138.47,1006.26
91.13,-136.64,1021.38
79.30,-133.83,1013.70
88.33,-144.33,1021.87
75.40,-136.40,1012.72
80.64,-144.33,1013.09
91.50,-139.81,1022.12
77.10,-137.37,1006.38
86.99,-143.72,1012.72
81.74,-132.74,1012.60
78.57,-141.76,1007.72
89.91,-134.93,1022.36
81.74,-143.35,1011.14
93.33,-140.06,1020.65
79.30,-136.03,1005.52
94.92,-137.13,1019.92
84.42,-132.25,1013.58
90.52,-144.20,1018.09
92.11,-135.42,1022.48
80.64,-134.57,1011.62
93.94,-141.76,1020.41
79.54,-136.88,1008.45
86.74,-144.69,1012.48
86.01,-132.13,1015.53
91.26,-144.20,1014.92
94.79,-135.42,1020.90
82.47,-141.64,1007.11
92.84,-133.22,1020.16
81.37,-134.93,1010.04
96.01,-140.06,1023.58
89.79,-132.00,1019.68
81.25,-137.13,1008.45
98.45,-136.52,1020.90
88.82,-130.66,1012.84
93.82,-143.11,1013.58
85.64,-132.74,1011.99
83.08,-141.76,1007.48
95.40,-134.69,1019.92
85.16,-143.23,1006.13
92.11,-132.49,1017.48
81.01,-135.18,1007.48
87.11,-143.72,1010.53
96.62,-138.96,1021.02
80.52,-137.86,1008.21
90.04,-143.96,1015.41
84.18,-132.00,1014.31
92.96,-142.25,1018.21
81.98,-131.88,1010.04
84.06,-140.79,1008.57
91.38,-130.42,1018.70
86.50,-142.50,1011.62
87.35,-130.54,1018.21
78.93,-136.64,1008.45
88.33,-142.74,1014.92
95.40,-135.54,1023.82
79.54,-138.59,1006.99
94.67,-134.08,1023.09
82.47,-131.15,1013.33
91.99,-141.64,1017.60
93.82,-132.37,1021.51
81.74,-140.18,1006.50
92.48,-130.91,1019.19
83.57,-141.03,1009.43
94.55,-138.10,1021.38
88.45,-129.56,1019.19
85.28,-140.79,1013.70
93.45,-134.69,1023.34
76.86,-136.15,1007.48
87.35,-140.79,1015.28
79.42,-129.32,1011.99
90.28,-138.71,1018.70
88.57,-129.32,1019.92
82.23,-139.81,1010.53
83.94,-127.86,1016.99
85.89,-140.30,1015.28
90.28,-132.49,1021.63
78.57,-129.44,1012.97
76.62,-138.59,1009.18
85.16,-129.69,1021.38
73.81,-131.76,1011.01
88.57,-135.54,1021.99
73.08,-134.93,1008.21
83.08,-140.06,1015.77
74.91,-129.93,1012.36
85.52,-138.71,1020.41
81.74,-129.69,1020.53
78.20,-140.91,1014.67
76.62,-128.47,1016.75
71.61,-136.40,1008.70
82.72,-139.81,1016.50
84.42,-130.78,1020.16
73.81,-140.30,1009.67
78.45,-130.17,1020.77
76.86,-142.25,1016.50
84.06,-135.18,1024.68
70.39,-137.74,1008.94
83.20,-130.66,1020.65
73.81,-140.06,1008.94
84.42,-137.98,1020.16
78.69,-129.56,1019.55
76.86,-141.76,1015.89
84.06,-134.93,1024.19
70.27,-137.86,1009.18
81.50,-140.67,1017.85
71.37,-130.91,1011.26
73.20,-140.42,1010.04
79.18,-129.69,1019.19
77.23,-141.15,1013.82
85.03,-134.69,1022.48
70.64,-137.13,1008.45
83.45,-131.52,1021.51
71.74,-130.54,1011.62
73.69,-140.06,1010.40
79.54,-129.20,1018.82
70.03,-133.71,1008.94
85.16,-134.69,1022.24
70.52,-137.37,1008.94
81.86,-140.67,1018.21
71.25,-130.78,1011.62
84.79,-137.49,1020.90
79.54,-128.71,1018.46
78.08,-141.28,1013.82
84.91,-134.57,1022.85
70.15,-138.10,1009.43
81.37,-141.15,1018.70
82.59,-131.39,1022.48
73.44,-139.81,1010.28
84.55,-137.62,1020.41
69.91,-133.22,1007.72
84.79,-134.81,1020.90
74.66,-129.32,1014.55
79.79,-141.52,1018.09
69.17,-131.27,1013.09
71.00,-140.30,1011.26
77.47,-128.83,1018.58
67.95,-133.47,1008.33
75.64,-140.91,1013.09
72.10,-129.44,1015.28
77.59,-141.52,1019.19
78.32,-132.13,1023.46
69.17,-140.79,1012.23
80.15,-137.86,1021.99
66.00,-134.20,1008.21
80.15,-134.93,1021.63
64.90,-139.20,1009.67
75.52,-141.64,1019.68
75.64,-132.00,1022.85
67.59,-141.03,1011.75
78.08,-137.49,1021.51
63.56,-134.81,1008.45
71.98,-141.52,1014.19
66.37,-129.56,1013.82
63.44,-138.84,1008.94
72.96,-131.27,1021.63
65.03,-141.76,1012.60
74.42,-137.37,1022.60
59.17,-136.40,1009.18
72.47,-133.71,1022.97
61.24,-130.42,1014.80
59.54,-139.93,1011.14
70.76,-140.54,1021.38
57.71,-133.35,1012.60
71.49,-136.88,1024.07
63.68,-129.56,1018.58
66.49,-142.01,1016.75
58.80,-130.54,1014.55
69.05,-139.57,1021.38
66.61,-129.81,1021.51
62.10,-141.52,1013.58
70.64,-135.91,1023.46
55.63,-137.37,1010.65
65.64,-142.25,1018.46
68.69,-133.47,1024.19
57.58,-140.18,1012.11
69.05,-139.08,1021.87
56.12,-132.86,1010.16
71.00,-135.05,1022.60
61.98,-128.95,1016.87
66.61,-141.15,1018.46
57.83,-130.78,1013.09
69.91,-138.35,1021.26
65.64,-129.08,1020.16
55.88,-133.22,1010.16
63.20,-140.91,1014.31
61.24,-128.83,1016.50
67.10,-140.67,1019.19
68.32,-131.27,1023.21
58.68,-140.30,1011.01
64.29,-128.83,1019.68
54.90,-133.47,1010.04
70.03,-134.69,1024.07
55.14,-138.35,1011.38
65.88,-141.76,1020.90
55.75,-130.78,1013.94
57.95,-139.81,1011.38
69.66,-137.62,1021.38
55.75,-132.74,1009.92
62.59,-141.03,1014.92
61.49,-128.34,1018.94
66.86,-140.79,1018.46
70.64,-131.76,1023.82
58.93,-138.71,1009.92
68.44,-129.69,1021.87
61.73,-140.67,1012.60
71.74,-136.88,1022.85
64.90,-128.83,1018.82
65.88,-141.28,1015.77
71.86,-133.35,1023.70
58.32,-137.74,1009.67
69.78,-139.81,1019.31
58.68,-130.66,1011.50
72.22,-137.25,1022.60
66.12,-128.59,1020.29
65.88,-140.91,1015.77
62.46,-128.71,1016.14
69.66,-139.81,1019.80
70.52,-130.30,1022.97
59.41,-130.54,1012.36
72.47,-137.37,1021.87
67.10,-128.71,1019.55
65.64,-140.79,1014.55
72.59,-133.83,1022.85
58.32,-137.13,1008.94
69.05,-140.54,1018.46
58.56,-130.54,1013.70
71.25,-137.25,1022.60
57.34,-133.22,1009.43
64.90,-140.54,1014.06
61.49,-128.59,1016.02
57.34,-137.49,1010.16
68.08,-140.54,1019.68
57.22,-131.52,1013.70
70.03,-137.86,1022.85
63.93,-129.08,1019.43
64.66,-140.91,1014.80
60.02,-128.71,1014.43
57.58,-137.86,1010.16
67.10,-130.05,1022.85
60.88,-141.28,1014.43
70.03,-136.27,1024.07
55.51,-135.79,1009.67
65.76,-140.30,1016.87
69.42,-131.52,1022.24
58.07,-138.96,1009.92
69.05,-138.35,1020.77
54.78,-133.47,1011.01
68.56,-136.03,1024.31
58.93,-130.05,1018.33
64.90,-141.28,1020.41
55.63,-131.03,1013.09
69.05,-136.88,1023.34
63.44,-128.10,1021.14
63.44,-140.67,1016.14
69.91,-133.59,1024.07
59.54,-129.08,1016.38
66.86,-140.79,1020.29
56.73,-131.15,1012.97
59.54,-140.30,1011.38
66.00,-129.08,1018.70
64.05,-141.89,1013.82
71.25,-135.42,1022.24
56.24,-138.10,1008.70
69.05,-132.25,1023.34
57.46,-130.78,1013.33
59.05,-139.93,1011.75
67.10,-128.47,1020.90
57.34,-132.13,1010.16
72.96,-134.20,1023.34
63.81,-127.61,1016.99
68.93,-140.18,1017.60
60.51,-129.56,1013.58
60.02,-139.32,1010.89
68.81,-129.81,1022.97
63.56,-141.15,1013.94
66.12,-128.59,1018.58
58.32,-135.05,1009.67
67.59,-141.28,1016.38
62.71,-129.08,1015.77
59.41,-137.98,1009.79
71.86,-131.03,1022.85
60.51,-130.91,1012.72
73.44,-138.23,1021.87
59.41,-132.37,1009.67
66.49,-140.42,1012.84
66.61,-127.61,1016.99
70.15,-140.67,1017.36
63.07,-129.32,1014.92
61.73,-138.84,1010.65
73.44,-139.32,1020.53
71.98,-129.56,1021.87
65.51,-139.93,1012.11
68.93,-127.73,1018.46
60.76,-133.83,1009.18
75.64,-132.49,1023.70
65.27,-127.86,1015.89
73.93,-138.84,1019.43
63.20,-129.69,1011.38
76.37,-136.03,1021.14
71.00,-127.61,1019.19
69.05,-140.18,1014.92
76.37,-133.47,1023.95
66.73,-127.73,1017.11
72.71,-139.32,1018.46
63.56,-128.59,1012.48
64.29,-138.10,1009.92
71.49,-128.22,1020.16
67.10,-140.54,1014.55
75.27,-134.44,1024.31
60.63,-135.05,1010.89
74.66,-130.78,1023.21
63.07,-128.83,1013.70
62.71,-138.35,1010.53
71.00,-128.34,1020.65
60.51,-131.03,1010.40
75.40,-134.69,1022.48
62.71,-129.20,1015.65
61.00,-138.35,1011.38
71.13,-129.44,1022.12
64.78,-139.57,1011.99
74.91,-135.54,1022.12
59.66,-133.71,1009.55
74.18,-132.98,1023.70
63.56,-128.59,1015.53
60.63,-137.74,1010.16
60.63,-130.17,1011.87
74.54,-136.40,1021.75
59.66,-132.98,1010.40
74.30,-133.96,1023.95
64.05,-128.59,1016.87
70.27,-140.42,1019.07
60.15,-130.42,1012.48
72.96,-137.62,1022.12
58.68,-133.71,1010.28
66.49,-141.15,1015.04
63.44,-128.47,1016.50
59.41,-136.88,1010.16
71.61,-130.05,1022.36
62.83,-139.69,1011.14
73.32,-137.37,1021.87
58.19,-134.08,1011.14
73.20,-134.20,1024.07
59.54,-137.37,1009.67
71.86,-130.05,1021.38
62.95,-139.32,1009.92
73.69,-137.01,1020.65
58.68,-132.74,1010.65
66.61,-140.18,1015.77
64.29,-128.22,1016.50
70.64,-139.69,1018.70
60.51,-130.05,1012.60
73.08,-137.37,1021.38
58.80,-132.98,1009.67
65.88,-141.03,1014.06
63.68,-128.59,1016.99
71.49,-130.91,1023.70
60.27,-129.69,1013.21
72.96,-137.62,1020.90
68.32,-128.59,1019.68
58.32,-132.98,1010.16
72.83,-134.69,1023.34
58.32,-136.76,1010.28
71.00,-130.91,1023.82
59.78,-129.81,1013.82
72.71,-137.25,1021.87
58.68,-132.13,1010.16
73.69,-133.96,1023.58
58.44,-135.66,1010.04
71.98,-131.76,1023.82
60.39,-129.56,1014.43
71.49,-138.84,1021.14
58.19,-131.76,1011.38
63.32,-140.54,1013.58
65.39,-127.86,1018.70
67.34,-140.30,1015.77
62.22,-128.22,1014.43
70.52,-139.57,1020.04
58.32,-130.78,1013.21
71.98,-137.01,1022.97
57.34,-133.10,1009.92
65.76,-140.18,1015.04
72.59,-133.10,1023.09
58.32,-136.27,1010.16
70.76,-130.30,1023.34
59.54,-129.69,1013.45
72.10,-137.62,1022.48
57.58,-132.98,1010.89
72.47,-134.93,1023.95
57.46,-135.91,1009.79
68.32,-140.54,1017.24
60.63,-128.95,1013.45
71.25,-138.59,1021.26
58.19,-131.39,1011.62
63.20,-140.42,1013.21
65.64,-127.73,1019.43
67.47,-140.42,1016.26
73.20,-132.37,1023.21
59.66,-136.88,1009.67
71.74,-129.81,1023.09
61.98,-139.57,1011.50
69.05,-128.59,1020.90
65.03,-140.91,1013.58
66.12,-127.37,1018.58
58.93,-133.96,1009.43
74.42,-131.88,1023.58
63.81,-127.37,1015.65
71.37,-139.08,1019.68
61.49,-128.83,1013.58
62.22,-138.35,1010.77
71.00,-128.10,1021.38
64.66,-139.32,1012.11
68.44,-126.88,1018.70
67.47,-140.18,1013.82
64.78,-127.37,1016.50
69.66,-140.06,1018.70
72.83,-131.03,1024.31
60.88,-137.74,1011.38
72.71,-137.74,1021.51
59.78,-129.81,1011.62
74.30,-134.69,1023.21
59.05,-132.25,1010.53
67.95,-139.08,1016.26
64.42,-126.15,1015.89
71.74,-137.86,1018.46
62.22,-127.25,1013.09
73.69,-137.13,1021.02
59.41,-129.81,1011.62
63.68,-139.08,1012.97
67.47,-126.76,1020.04
57.95,-132.25,1010.28
73.32,-133.10,1024.19
57.83,-134.20,1010.16
68.56,-139.08,1017.60
61.24,-126.76,1014.06
71.25,-137.62,1019.43
58.80,-128.34,1012.36
72.47,-135.18,1024.07
57.71,-131.03,1012.11
73.81,-132.00,1024.92
64.90,-125.29,1018.09
69.54,-137.62,1016.63
74.42,-129.08,1023.09
60.15,-135.05,1008.94
72.35,-128.22,1023.34
61.24,-137.49,1012.11
73.08,-136.64,1022.60
59.05,-128.83,1011.14
74.66,-133.71,1021.87
58.80,-130.05,1008.82
74.18,-132.00,1023.95
58.07,-132.25,1010.65
68.08,-137.98,1017.48
62.46,-125.17,1015.28
59.05,-133.96,1009.67
71.61,-127.37,1023.21
60.27,-136.40,1011.75
68.44,-126.15,1023.09
57.34,-128.83,1012.36
72.35,-133.59,1023.46
56.73,-130.54,1009.55
72.47,-130.78,1023.21
56.97,-133.22,1009.92
71.13,-128.71,1024.31
59.29,-126.15,1014.80
69.91,-136.40,1021.38
56.97,-127.61,1011.87
71.37,-133.71,1021.99
65.76,-124.68,1019.55
63.44,-137.62,1014.67
62.10,-124.68,1018.09
66.25,-137.86,1018.21
58.44,-126.64,1016.02
67.47,-137.37,1021.38
56.24,-127.49,1012.23
58.56,-136.88,1011.14
65.51,-125.66,1020.90
54.90,-129.32,1010.77
70.27,-133.35,1024.31
54.17,-131.88,1011.26
63.81,-138.59,1017.48
59.90,-125.42,1016.63
67.10,-137.37,1018.33
57.95,-125.90,1013.45
69.30,-136.40,1021.51
56.12,-128.10,1013.58
70.88,-134.93,1024.07
66.37,-125.54,1021.63
63.20,-137.74,1012.84
65.39,-124.81,1019.55
56.61,-130.66,1010.40
73.20,-131.76,1024.56
56.73,-132.61,1010.04
72.83,-130.66,1025.04
62.59,-124.93,1017.48
69.05,-137.62,1018.09
62.59,-125.05,1015.41
73.93,-127.61,1024.19
62.22,-125.17,1014.06
72.96,-136.15,1019.68
74.05,-126.76,1023.21
61.85,-134.69,1010.28
74.18,-135.42,1020.53
61.73,-125.90,1012.48
74.91,-134.44,1022.36
61.49,-125.54,1011.62
64.66,-134.93,1010.89
73.69,-124.32,1022.24
65.15,-136.15,1012.48
61.49,-126.88,1011.75
65.76,-135.42,1012.23
77.84,-132.74,1023.21
62.59,-125.42,1009.92
78.81,-132.61,1021.87
62.95,-125.54,1011.01
66.12,-134.93,1011.38
75.64,-123.95,1022.12
66.00,-134.20,1010.77
75.88,-123.22,1021.99
65.76,-133.35,1010.40
75.76,-123.10,1022.60
65.27,-133.71,1011.38
77.23,-132.86,1022.24
63.07,-124.44,1011.50
65.03,-134.08,1011.14
74.05,-123.71,1023.58
61.85,-124.81,1013.21
76.86,-132.74,1023.70
61.73,-124.20,1011.50
77.96,-130.78,1021.38
62.10,-124.56,1009.92
77.23,-131.27,1024.07
60.88,-125.66,1011.26
67.10,-134.44,1013.58
71.13,-121.27,1020.04
68.08,-134.20,1013.09
77.71,-129.32,1023.09
60.15,-127.00,1010.16
76.74,-129.44,1025.04
67.59,-122.00,1019.55
69.30,-135.30,1017.36
65.88,-121.76,1017.48
71.00,-134.20,1018.09
64.42,-122.24,1015.04
72.59,-134.57,1020.04
62.34,-123.22,1014.19
61.85,-132.49,1010.77
72.96,-123.71,1022.85
61.00,-123.95,1012.60
75.15,-132.00,1023.34
59.78,-125.66,1011.87
65.64,-134.69,1014.06
69.05,-122.37,1019.92
67.34,-135.42,1015.65
66.86,-122.49,1019.43
69.17,-135.18,1017.97
65.15,-122.49,1017.97
71.61,-135.42,1018.09
76.13,-126.88,1023.82
61.24,-131.88,1009.43
75.40,-126.27,1024.07
63.07,-123.71,1014.55
74.42,-133.96,1021.14
62.46,-123.95,1012.23
76.01,-132.74,1021.38
61.49,-125.42,1011.26
76.37,-132.00,1024.07
60.27,-127.61,1011.87
76.86,-130.05,1024.80
68.69,-122.24,1018.58
70.64,-134.93,1014.92
77.35,-127.61,1022.60
61.49,-130.91,1009.06
72.22,-135.66,1018.70
63.44,-124.32,1016.02
73.93,-134.69,1022.24
61.85,-125.17,1013.33
76.01,-132.37,1023.09
61.24,-126.51,1010.28
67.22,-135.18,1012.84
70.03,-122.73,1019.07
69.66,-135.91,1015.53
67.59,-122.85,1017.85
61.49,-130.54,1010.16
76.86,-127.37,1024.80
62.83,-132.13,1009.43
74.79,-134.69,1018.70
64.54,-123.59,1012.23
76.25,-133.71,1020.41
62.59,-125.54,1012.48
76.86,-132.98,1023.82
61.73,-126.64,1010.53
78.20,-130.05,1022.48
70.27,-122.61,1017.72
70.39,-135.79,1015.53
77.23,-128.71,1024.19
61.37,-130.91,1010.16
76.01,-126.64,1024.56
64.42,-123.46,1015.04
74.18,-134.69,1019.92
62.34,-124.93,1012.36
75.03,-133.47,1022.36
60.27,-126.27,1011.99
75.76,-131.15,1024.07
59.90,-127.37,1009.92
67.95,-135.05,1014.31
66.73,-122.24,1017.48
59.78,-129.56,1009.55
74.91,-127.61,1024.07
60.15,-132.37,1010.65
72.96,-126.15,1024.56
61.24,-133.96,1011.38
73.32,-133.96,1021.14
59.66,-125.78,1010.89
74.30,-132.37,1023.21
58.07,-127.86,1011.75
74.54,-130.05,1025.04
65.64,-122.73,1018.82
68.56,-135.54,1017.36
74.54,-127.73,1024.07
59.54,-131.52,1008.94
73.08,-126.15,1023.34
60.51,-133.83,1011.38
72.35,-134.44,1021.99
58.68,-126.39,1012.36
73.44,-132.49,1023.95
57.58,-128.47,1010.53
73.93,-129.69,1023.95
57.95,-130.54,1010.28
68.56,-136.03,1018.94
61.12,-124.44,1016.38
71.13,-135.42,1022.12
71.25,-125.78,1023.82
62.22,-134.69,1010.65
70.03,-123.83,1020.16
64.42,-135.91,1013.33
66.98,-123.83,1020.29
66.61,-136.76,1016.75
64.29,-123.59,1017.36
58.56,-131.03,1009.55
73.93,-127.49,1023.82
62.34,-123.95,1014.80
71.49,-135.91,1020.65
60.27,-125.66,1013.33
61.24,-135.18,1011.26
70.88,-124.44,1021.51
63.81,-135.18,1011.14
69.05,-123.46,1019.55
65.64,-136.88,1015.28
65.51,-124.44,1020.53
67.71,-137.62,1017.85
74.30,-129.81,1024.68
59.05,-131.88,1008.82
70.88,-135.91,1017.48
62.46,-124.32,1013.09
72.96,-135.30,1020.65
60.27,-125.66,1012.11
63.20,-135.18,1011.38
70.15,-123.71,1020.77
65.88,-135.91,1013.58
67.71,-123.34,1018.82
68.32,-136.52,1016.63
64.54,-123.71,1016.75
59.54,-131.88,1009.43
74.18,-127.12,1023.09
62.46,-124.20,1013.33
72.59,-135.18,1019.92
59.90,-126.03,1012.11
73.44,-134.32,1022.60
68.81,-125.05,1021.75
64.17,-136.88,1015.28
65.51,-123.83,1019.19
67.83,-136.52,1015.53
62.95,-123.83,1014.67
70.03,-136.40,1019.07
59.54,-125.78,1014.06
59.66,-135.42,1011.87
68.69,-125.54,1022.97
57.46,-127.37,1012.36
73.08,-132.49,1023.95
57.34,-128.95,1009.67
73.44,-130.17,1023.82
63.68,-123.83,1016.99
68.32,-136.88,1017.48
61.24,-124.93,1015.04
70.39,-136.03,1020.90
59.29,-126.03,1012.60
60.76,-135.66,1010.89
68.93,-125.05,1021.38
57.83,-127.61,1011.14
73.20,-132.49,1023.46
57.34,-129.81,1010.16
73.44,-130.05,1024.92
63.56,-123.95,1017.36
69.54,-136.27,1017.60
61.73,-124.20,1013.58
71.98,-135.18,1020.41
59.54,-126.15,1012.36
73.57,-133.47,1023.09
68.81,-124.32,1021.38
65.39,-136.64,1014.06
66.37,-123.83,1018.21
58.80,-130.42,1009.43
74.66,-129.08,1023.34
59.78,-132.98,1010.04
72.71,-126.64,1023.70
62.46,-135.18,1011.38
74.30,-133.96,1021.99
59.66,-127.61,1010.16
75.76,-131.15,1022.60
59.66,-130.05,1009.55
69.66,-136.03,1017.11
63.81,-123.95,1014.92
61.49,-132.98,1009.67
72.83,-125.66,1022.24
63.93,-135.91,1012.84
68.81,-124.44,1021.14
68.08,-136.64,1015.65
75.52,-129.44,1023.95
60.76,-132.25,1009.18
73.93,-126.39,1022.97
63.20,-134.57,1010.53
71.00,-124.44,1021.02
66.61,-136.52,1014.80
75.64,-131.03,1024.68
60.02,-130.66,1010.04
75.40,-127.25,1022.60
63.93,-123.83,1013.09
74.18,-134.20,1019.92
60.76,-126.64,1011.87
75.27,-132.37,1023.95
59.66,-129.81,1010.16
75.40,-128.59,1023.09
61.00,-132.74,1008.94
72.35,-135.66,1019.43
60.51,-125.90,1013.45
62.95,-135.54,1012.48
69.30,-124.20,1020.29
66.98,-136.27,1015.04
74.79,-129.69,1023.70
59.90,-131.88,1009.55
73.20,-126.76,1023.95
61.98,-135.18,1011.38
69.91,-125.05,1021.14
65.27,-136.88,1013.58
65.64,-124.32,1018.58
68.93,-137.01,1018.21
73.57,-128.71,1024.19
60.63,-134.44,1010.89
72.47,-135.42,1021.14
59.54,-127.25,1010.65
74.42,-132.61,1022.85
58.32,-130.54,1010.40
73.69,-130.17,1025.04
59.17,-134.20,1010.65
71.98,-127.25,1022.73
62.46,-136.15,1011.01
73.93,-134.32,1021.87
58.56,-129.20,1010.16
66.12,-137.37,1014.92
64.66,-124.93,1017.60
70.03,-137.25,1018.82
73.20,-128.34,1023.58
61.24,-135.66,1010.65
70.27,-126.15,1021.63
64.90,-137.13,1013.33
66.73,-124.68,1018.21
69.17,-137.37,1017.24
62.95,-125.42,1014.67
60.88,-134.81,1010.16
71.61,-126.51,1022.48
60.02,-127.49,1011.87
74.66,-133.71,1023.46
59.17,-130.66,1010.77
75.27,-130.66,1024.92
60.63,-133.47,1010.40
72.35,-136.88,1019.68
63.07,-126.15,1013.58
75.27,-135.54,1021.14
65.88,-137.62,1012.23
76.49,-133.96,1022.60
60.51,-130.54,1009.67
69.05,-137.86,1015.28
66.61,-124.68,1016.75
61.49,-132.61,1009.67
75.88,-128.10,1023.58
63.93,-135.66,1011.01
73.32,-126.03,1021.63
61.98,-128.10,1011.14
78.08,-132.74,1023.82
61.98,-130.54,1010.04
68.08,-124.93,1015.53
63.68,-133.47,1009.18
77.84,-127.73,1023.34
65.64,-125.90,1012.97
78.57,-135.54,1021.75
64.29,-128.34,1011.50
69.30,-137.37,1013.58
73.69,-125.17,1019.68
73.57,-137.37,1014.55
71.74,-124.32,1016.02
77.35,-137.37,1017.48
69.30,-125.90,1014.92
80.15,-137.01,1021.87
80.28,-127.86,1024.07
70.76,-136.52,1011.99
83.20,-134.81,1022.60
68.81,-127.86,1009.31
86.13,-132.61,1022.12
79.06,-124.68,1018.21
78.32,-137.86,1014.92
77.59,-125.42,1017.97
81.62,-137.74,1015.89
77.59,-124.68,1014.43
84.79,-136.88,1016.26
76.86,-125.05,1012.72
86.74,-137.13,1018.82
87.84,-127.61,1022.85
75.76,-134.81,1009.31
88.82,-135.05,1019.43
75.15,-126.39,1008.70
89.55,-133.83,1020.90
73.20,-128.83,1009.92
89.55,-132.86,1024.56
72.96,-130.54,1008.94
82.35,-137.13,1014.31
73.69,-132.00,1007.48
84.18,-137.13,1016.02
77.84,-124.81,1014.19
73.93,-133.59,1008.21
87.72,-128.34,1023.58
75.27,-126.27,1014.06
86.50,-136.40,1022.36
74.42,-127.12,1013.33
89.55,-134.93,1022.60
75.15,-128.10,1011.50
91.26,-134.20,1022.48
75.88,-128.83,1008.21
93.94,-133.22,1018.94
87.96,-124.44,1015.77
84.67,-136.27,1010.77
93.94,-130.78,1021.14
76.62,-129.69,1007.72
92.96,-127.86,1022.36
81.25,-123.59,1013.94
89.67,-137.13,1019.80
77.35,-128.59,1016.75
91.01,-136.64,1025.78
77.23,-127.61,1012.36
95.89,-131.76,1022.36
80.15,-128.71,1007.11
89.79,-135.18,1012.84
89.06,-122.85,1015.28
82.72,-130.17,1006.50
100.77,-128.59,1023.34
85.03,-132.74,1007.72
97.84,-136.27,1016.99
90.52,-124.81,1012.36
101.14,-134.69,1016.87
91.74,-123.83,1009.06
104.19,-133.10,1016.02
92.48,-132.98,1006.13
105.29,-132.98,1018.70
103.46,-123.95,1021.38
92.48,-133.47,1009.18
105.16,-131.52,1021.38
90.28,-123.46,1008.94
105.90,-129.93,1018.70
90.28,-123.34,1007.96
103.82,-130.17,1019.92
98.45,-121.88,1019.55
91.50,-134.20,1010.53
94.92,-122.98,1018.94
90.52,-135.42,1014.92
89.79,-121.76,1018.82
81.62,-127.86,1008.70
98.33,-125.17,1022.24
86.74,-120.54,1014.06
93.09,-131.76,1018.58
81.74,-121.02,1013.58
94.06,-129.20,1020.65
91.26,-119.93,1020.41
84.06,-131.03,1011.87
86.01,-118.71,1019.19
85.89,-130.91,1016.26
76.49,-126.51,1010.16
88.08,-129.20,1020.29
89.43,-120.05,1024.80
77.35,-128.34,1011.62
86.38,-118.10,1021.75
74.54,-120.90,1010.40
90.28,-124.93,1023.46
73.08,-123.46,1009.31
89.91,-123.34,1023.95
79.06,-117.61,1016.63
84.42,-129.56,1017.97
75.40,-117.61,1014.55
85.64,-127.61,1021.14
72.22,-118.58,1012.60
74.66,-127.86,1012.23
81.50,-116.51,1021.87
70.03,-120.05,1010.89
86.38,-123.10,1024.31
69.05,-122.12,1009.79
85.64,-121.02,1024.80
74.05,-116.27,1016.63
80.76,-127.86,1020.16
70.03,-124.81,1010.40
81.13,-116.14,1022.48
68.20,-117.36,1011.87
82.96,-124.93,1025.29
77.35,-116.02,1023.70
73.08,-128.10,1015.77
75.27,-114.92,1020.16
65.88,-120.54,1010.28
83.94,-120.29,1024.92
66.37,-121.51,1009.43
83.20,-118.83,1025.04
66.86,-122.98,1010.40
81.86,-116.88,1024.80
67.71,-123.83,1010.77
80.52,-125.05,1022.12
66.73,-116.39,1014.55
68.08,-125.78,1014.06
77.96,-115.17,1025.04
70.52,-125.66,1013.21
82.84,-122.73,1023.82
65.76,-117.24,1010.28
83.33,-121.76,1025.17
65.15,-119.68,1011.75
83.08,-120.54,1026.26
65.64,-120.29,1010.04
83.08,-118.34,1025.29
71.13,-113.22,1016.99
78.69,-125.42,1020.41
82.23,-116.88,1025.29
67.83,-124.07,1011.26
80.76,-116.39,1024.80
69.17,-125.42,1012.60
82.11,-124.56,1023.34
66.25,-116.14,1012.48
83.33,-121.27,1024.31
66.49,-117.85,1010.65
83.94,-119.80,1025.78
66.98,-120.78,1010.77
78.45,-126.15,1018.46
71.98,-113.95,1014.67
68.81,-122.73,1009.06
82.59,-116.63,1023.34
69.54,-124.81,1011.87
81.98,-125.17,1022.97
66.61,-117.36,1013.70
82.59,-123.22,1025.17
66.25,-119.56,1011.01
83.94,-121.39,1024.31
78.32,-127.61,1018.33
82.72,-119.19,1024.31
68.08,-124.68,1011.38
80.64,-126.39,1021.87
67.83,-116.88,1013.45
70.76,-126.39,1012.72
78.08,-115.90,1021.63
73.69,-128.47,1015.77
75.40,-116.27,1020.29
66.98,-122.49,1010.89
84.42,-122.12,1024.68
67.83,-124.81,1010.65
71.25,-116.39,1012.97
70.76,-126.03,1008.45
81.98,-118.10,1020.53
68.81,-119.32,1011.38
83.33,-126.76,1024.43
76.74,-117.97,1021.87
74.91,-130.91,1015.89
72.96,-117.73,1017.24
78.20,-130.66,1018.33
68.44,-119.07,1013.94
79.30,-128.95,1022.24
64.42,-122.00,1012.84
79.91,-127.00,1024.80
71.61,-118.95,1020.41
72.10,-132.00,1018.21
78.45,-124.56,1025.53
63.07,-129.32,1011.01
75.88,-122.61,1024.92
64.66,-131.52,1012.11
